{
    "rmse": 0.6938190552480837,
    "mae": 0.5460748921024434,
    "r2": 0.2630853622015621
}